{"cameraMode":{"drawMode":0,"name":"Shaded","section":"Shading Mode"},"sceneLighting":false,"audioPlay":false,"sceneViewState":{"m_AlwaysRefresh":false,"showFog":true,"showSkybox":false,"showFlares":true,"showImageEffects":true,"showParticleSystems":true,"showVisualEffectGraphs":true,"m_FxEnabled":true},"in2DMode":false,"pivot":{"x":9.565473556518555,"y":0.31628289818763735,"z":6.6144866943359379},"rotation":{"x":0.3054393529891968,"y":0.048540327697992328,"z":-0.015567676164209843,"w":0.9508692622184753},"size":3.751751661300659,"orthographic":false}