{"cameraMode":{"drawMode":0,"name":"Shaded","section":"Shading Mode"},"sceneLighting":true,"audioPlay":false,"sceneViewState":{"m_AlwaysRefresh":false,"showFog":true,"showSkybox":true,"showFlares":true,"showImageEffects":true,"showParticleSystems":true,"showVisualEffectGraphs":true,"m_FxEnabled":true},"in2DMode":false,"pivot":{"x":951.6303100585938,"y":475.9132385253906,"z":-21.858671188354493},"rotation":{"x":0.05339030176401138,"y":0.005466291680932045,"z":-0.0004873223078902811,"w":0.998721182346344},"size":735.9523315429688,"orthographic":false}